"V1","V2","V3","V4","V5","V6","V7","V8","V9","V10","V11","V12","V13","V14","V15","V16","V17","V18","V19","V20","V21","V22","V23","V24","V25","V26","V27","V28","V29","V30","V31","V32","V33","V34","V35","V36","V37","V38","V39","V40","V41","V42","V43","V44","V45","V46","V47","V48","V49","V50","V51","V52","V53","V54","V55","V56"
NA,NA,NA,NA,NA,NA,NA,NA,NA,NA,NA,NA,NA,NA,NA,NA,NA,NA,NA,NA,NA,NA,NA,NA,NA,NA,NA,NA,NA,NA,NA,NA,NA,NA,NA,NA,NA,NA,NA,NA,NA,NA,NA,NA,NA,NA,NA,NA,NA,NA,NA,NA,NA,NA,NA,NA
NA,NA,NA,NA,NA,NA,NA,NA,NA,NA,NA,NA,NA,NA,NA,NA,NA,NA,NA,NA,NA,NA,NA,NA,NA,NA,NA,NA,NA,NA,NA,NA,NA,NA,NA,NA,NA,NA,NA,NA,NA,NA,NA,NA,NA,NA,NA,NA,NA,NA,NA,NA,NA,NA,NA,0.0838789473684211
NA,NA,NA,NA,NA,NA,NA,NA,NA,NA,NA,NA,NA,NA,NA,NA,NA,NA,NA,NA,NA,NA,NA,NA,NA,NA,NA,NA,NA,NA,NA,NA,NA,NA,NA,NA,NA,NA,NA,NA,NA,NA,NA,NA,NA,NA,NA,NA,NA,NA,NA,NA,NA,NA,0.0796647359454855,0.0839561403508772
NA,NA,NA,NA,NA,NA,NA,NA,NA,NA,NA,NA,NA,NA,NA,NA,NA,NA,NA,NA,NA,NA,NA,NA,NA,NA,NA,NA,NA,NA,NA,NA,NA,NA,NA,NA,NA,NA,NA,NA,NA,NA,NA,NA,NA,NA,NA,NA,NA,NA,NA,NA,NA,0.0997071782178218,0.0826088586030664,0.0837508771929825
NA,NA,NA,NA,NA,NA,NA,NA,NA,NA,NA,NA,NA,NA,NA,NA,NA,NA,NA,NA,NA,NA,NA,NA,NA,NA,NA,NA,NA,NA,NA,NA,NA,NA,NA,NA,NA,NA,NA,NA,NA,NA,NA,NA,NA,NA,NA,NA,NA,NA,NA,NA,0.0870511811023622,0.102876237623762,0.0846313458262351,0.086680701754386
NA,NA,NA,NA,NA,NA,NA,NA,NA,NA,NA,NA,NA,NA,NA,NA,NA,NA,NA,NA,NA,NA,NA,NA,NA,NA,NA,NA,NA,NA,NA,NA,NA,NA,NA,NA,NA,NA,NA,NA,NA,NA,NA,NA,NA,NA,NA,NA,NA,NA,NA,0.0913222627737226,0.0890979002624672,0.102256930693069,0.0855921635434412,0.0844812865497076
NA,NA,NA,NA,NA,NA,NA,NA,NA,NA,NA,NA,NA,NA,NA,NA,NA,NA,NA,NA,NA,NA,NA,NA,NA,NA,NA,NA,NA,NA,NA,NA,NA,NA,NA,NA,NA,NA,NA,NA,NA,NA,NA,NA,NA,NA,NA,NA,NA,NA,0.0847055944055944,0.0953474452554745,0.091551968503937,0.103256435643564,0.08600800681431,0.0884327485380117
NA,NA,NA,NA,NA,NA,NA,NA,NA,NA,NA,NA,NA,NA,NA,NA,NA,NA,NA,NA,NA,NA,NA,NA,NA,NA,NA,NA,NA,NA,NA,NA,NA,NA,NA,NA,NA,NA,NA,NA,NA,NA,NA,NA,NA,NA,NA,NA,NA,0.120051990632319,0.0907361305361305,0.0972496350364963,0.100432545931759,0.108248762376238,0.087132538330494,0.089233918128655
NA,NA,NA,NA,NA,NA,NA,NA,NA,NA,NA,NA,NA,NA,NA,NA,NA,NA,NA,NA,NA,NA,NA,NA,NA,NA,NA,NA,NA,NA,NA,NA,NA,NA,NA,NA,NA,NA,NA,NA,NA,NA,NA,NA,NA,NA,NA,NA,0.12408986013986,0.123393442622951,0.0891783216783217,0.10200401459854,0.093338845144357,0.115486138613861,0.0853482112436116,0.0892029239766082
NA,NA,NA,NA,NA,NA,NA,NA,NA,NA,NA,NA,NA,NA,NA,NA,NA,NA,NA,NA,NA,NA,NA,NA,NA,NA,NA,NA,NA,NA,NA,NA,NA,NA,NA,NA,NA,NA,NA,NA,NA,NA,NA,NA,NA,NA,NA,0.0968407303370786,0.127570629370629,0.123542154566745,0.0984662004662005,0.116183941605839,0.0999695538057743,0.113780693069307,0.0942885860306644,0.0935216374269006
NA,NA,NA,NA,NA,NA,NA,NA,NA,NA,NA,NA,NA,NA,NA,NA,NA,NA,NA,NA,NA,NA,NA,NA,NA,NA,NA,NA,NA,NA,NA,NA,NA,NA,NA,NA,NA,NA,NA,NA,NA,NA,NA,NA,NA,NA,0.108204043126685,0.101166292134831,0.126771678321678,0.121960421545667,0.0983874125874126,0.110269343065693,0.109397375328084,0.119015099009901,0.0931752981260647,0.0943222222222222
NA,NA,NA,NA,NA,NA,NA,NA,NA,NA,NA,NA,NA,NA,NA,NA,NA,NA,NA,NA,NA,NA,NA,NA,NA,NA,NA,NA,NA,NA,NA,NA,NA,NA,NA,NA,NA,NA,NA,NA,NA,NA,NA,NA,NA,0.111094444444444,0.112342318059299,0.101370786516854,0.125020979020979,0.120880093676815,0.0948041958041958,0.105304379562044,0.103002887139108,0.117542574257426,0.0926666098807496,0.0979625730994152
NA,NA,NA,NA,NA,NA,NA,NA,NA,NA,NA,NA,NA,NA,NA,NA,NA,NA,NA,NA,NA,NA,NA,NA,NA,NA,NA,NA,NA,NA,NA,NA,NA,NA,NA,NA,NA,NA,NA,NA,NA,NA,NA,NA,0.110636784140969,0.110783333333333,0.112603773584906,0.0986702247191011,0.128386713286713,0.123917096018735,0.0946221445221445,0.104260218978102,0.1036,0.11697797029703,0.0909725724020443,0.0932625730994152
NA,NA,NA,NA,NA,NA,NA,NA,NA,NA,NA,NA,NA,NA,NA,NA,NA,NA,NA,NA,NA,NA,NA,NA,NA,NA,NA,NA,NA,NA,NA,NA,NA,NA,NA,NA,NA,NA,NA,NA,NA,NA,NA,0.107625405405405,0.1076359030837,0.115404938271605,0.11076307277628,0.0995772471910112,0.126392657342657,0.123623653395785,0.0978265734265734,0.101891240875912,0.10370157480315,0.117408168316832,0.0917776831345826,0.0955590643274854
NA,NA,NA,NA,NA,NA,NA,NA,NA,NA,NA,NA,NA,NA,NA,NA,NA,NA,NA,NA,NA,NA,NA,NA,NA,NA,NA,NA,NA,NA,NA,NA,NA,NA,NA,NA,NA,NA,NA,NA,NA,NA,0.119915354330709,0.111083513513514,0.108234801762115,0.11557962962963,0.111533692722372,0.105827247191011,0.126746503496503,0.129223887587822,0.104975291375291,0.107695620437956,0.108179265091864,0.121293811881188,0.0941880749574106,0.102813450292398
NA,NA,NA,NA,NA,NA,NA,NA,NA,NA,NA,NA,NA,NA,NA,NA,NA,NA,NA,NA,NA,NA,NA,NA,NA,NA,NA,NA,NA,NA,NA,NA,NA,NA,NA,NA,NA,NA,NA,NA,NA,0.120157794676806,0.120286220472441,0.111977297297297,0.108884581497797,0.113569135802469,0.116141509433962,0.104897471910112,0.130640559440559,0.123803512880562,0.0988104895104895,0.110350729927007,0.115231496062992,0.120293811881188,0.0995519591141397,0.101670760233918
NA,NA,NA,NA,NA,NA,NA,NA,NA,NA,NA,NA,NA,NA,NA,NA,NA,NA,NA,NA,NA,NA,NA,NA,NA,NA,NA,NA,NA,NA,NA,NA,NA,NA,NA,NA,NA,NA,NA,NA,0.161435368421053,0.12578288973384,0.121931299212598,0.114165945945946,0.106950440528634,0.120709567901235,0.115068194070081,0.10928202247191,0.136954545454545,0.125645433255269,0.0947694638694639,0.117570072992701,0.106676377952756,0.12285495049505,0.0998456558773424,0.103918713450292
NA,NA,NA,NA,NA,NA,NA,NA,NA,NA,NA,NA,NA,NA,NA,NA,NA,NA,NA,NA,NA,NA,NA,NA,NA,NA,NA,NA,NA,NA,NA,NA,NA,NA,NA,NA,NA,NA,NA,0.136296279069767,0.165832,0.128346768060837,0.120464173228346,0.118498648648649,0.110208149779736,0.120230555555556,0.115917250673854,0.105022471910112,0.131233916083916,0.125253395784543,0.0988717948717949,0.104228467153285,0.1073343832021,0.119184158415842,0.0978211243611584,0.0950912280701754
NA,NA,NA,NA,NA,NA,NA,NA,NA,NA,NA,NA,NA,NA,NA,NA,NA,NA,NA,NA,NA,NA,NA,NA,NA,NA,NA,NA,NA,NA,NA,NA,NA,NA,NA,NA,NA,NA,0.121895704057279,0.145716279069767,0.166270105263158,0.124784030418251,0.122424606299213,0.119001081081081,0.110037665198238,0.120476543209877,0.118058490566038,0.113155056179775,0.131537762237762,0.12705831381733,0.0963368298368298,0.104324452554745,0.114553543307087,0.120065099009901,0.0953396933560477,0.101495321637427
NA,NA,NA,NA,NA,NA,NA,NA,NA,NA,NA,NA,NA,NA,NA,NA,NA,NA,NA,NA,NA,NA,NA,NA,NA,NA,NA,NA,NA,NA,NA,NA,NA,NA,NA,NA,NA,0.131937608695652,0.122215035799523,0.14297023255814,0.163414526315789,0.131342585551331,0.125338385826772,0.121515135135135,0.116007929515419,0.12050987654321,0.124122911051213,0.117944382022472,0.13699020979021,0.13756018735363,0.109255710955711,0.120123722627737,0.119221522309711,0.141823514851485,0.1118867120954,0.10964269005848
NA,NA,NA,NA,NA,NA,NA,NA,NA,NA,NA,NA,NA,NA,NA,NA,NA,NA,NA,NA,NA,NA,NA,NA,NA,NA,NA,NA,NA,NA,NA,NA,NA,NA,NA,NA,0.159224407582938,0.139478913043478,0.126108830548926,0.15144488372093,0.164474947368421,0.131928517110266,0.133349212598425,0.127561351351351,0.12486718061674,0.132887962962963,0.1305474393531,0.119041853932584,0.138182167832168,0.144469320843091,0.119616783216783,0.138106569343066,0.137167716535433,0.140118316831683,0.11819863713799,0.125073099415205
NA,NA,NA,NA,NA,NA,NA,NA,NA,NA,NA,NA,NA,NA,NA,NA,NA,NA,NA,NA,NA,NA,NA,NA,NA,NA,NA,NA,NA,NA,NA,NA,NA,NA,NA,0.140744095940959,0.160018957345972,0.12989,0.123514797136038,0.139616744186047,0.163645263157895,0.128699619771863,0.119512992125984,0.124637567567568,0.116701982378855,0.117952160493827,0.120747169811321,0.114811797752809,0.132098601398601,0.128692740046838,0.100985780885781,0.109152189781022,0.106299475065617,0.128862128712871,0.101948381601363,0.0979157894736842
NA,NA,NA,NA,NA,NA,NA,NA,NA,NA,NA,NA,NA,NA,NA,NA,NA,NA,NA,NA,NA,NA,NA,NA,NA,NA,NA,NA,NA,NA,NA,NA,NA,NA,0.116975314861461,0.139542619926199,0.162898104265403,0.132260217391304,0.125892840095465,0.144026046511628,0.163832210526316,0.130873764258555,0.124128543307087,0.128685405405405,0.11875704845815,0.117338580246914,0.127003504043127,0.115511235955056,0.141717132867133,0.132299297423888,0.10724662004662,0.109241605839416,0.121171653543307,0.133315841584158,0.106720954003407,0.106563742690058
NA,NA,NA,NA,NA,NA,NA,NA,NA,NA,NA,NA,NA,NA,NA,NA,NA,NA,NA,NA,NA,NA,NA,NA,NA,NA,NA,NA,NA,NA,NA,NA,NA,0.155401355932203,0.118362468513854,0.141635608856089,0.161651895734597,0.131662608695652,0.125593556085919,0.141423488372093,0.164381052631579,0.129795817490494,0.124803543307087,0.130444864864865,0.118742070484582,0.120312345679012,0.131229110512129,0.123106460674157,0.139710839160839,0.134813114754098,0.109314918414918,0.107301824817518,0.116011811023622,0.13190297029703,0.105630323679727,0.112750877192982
NA,NA,NA,NA,NA,NA,NA,NA,NA,NA,NA,NA,NA,NA,NA,NA,NA,NA,NA,NA,NA,NA,NA,NA,NA,NA,NA,NA,NA,NA,NA,NA,0.152228899082569,0.164217627118644,0.122224181360202,0.137119741697417,0.1582663507109,0.136237391304348,0.127799045346062,0.144983023255814,0.167636421052632,0.140085931558935,0.131719291338583,0.13938972972973,0.122348017621145,0.12363024691358,0.132437735849057,0.128970505617978,0.148653846153846,0.146108899297424,0.11476993006993,0.121702919708029,0.126227296587927,0.145283663366337,0.11105604770017,0.132453801169591
NA,NA,NA,NA,NA,NA,NA,NA,NA,NA,NA,NA,NA,NA,NA,NA,NA,NA,NA,NA,NA,NA,NA,NA,NA,NA,NA,NA,NA,NA,NA,0.152265263157895,0.152842889908257,0.158358305084746,0.119654156171285,0.140365129151292,0.160547630331754,0.131336304347826,0.126982577565632,0.143771627906977,0.164206736842105,0.138574144486692,0.133027559055118,0.132948378378378,0.124559251101322,0.131810802469136,0.127847169811321,0.131347471910112,0.148352447552448,0.152600468384075,0.118769463869464,0.121114233576642,0.133103412073491,0.147205445544554,0.108958773424191,0.117887719298246
NA,NA,NA,NA,NA,NA,NA,NA,NA,NA,NA,NA,NA,NA,NA,NA,NA,NA,NA,NA,NA,NA,NA,NA,NA,NA,NA,NA,NA,NA,0.142368450704225,0.150549736842105,0.160139908256881,0.159943050847458,0.122756423173804,0.141364391143911,0.164248815165877,0.134239565217391,0.131887828162291,0.146099069767442,0.166864631578947,0.145180988593156,0.132092125984252,0.139135405405405,0.126000440528634,0.126196296296296,0.130024528301887,0.126933988764045,0.151643356643357,0.143010070257611,0.118659673659674,0.128413503649635,0.130130446194226,0.139031188118812,0.111511584327087,0.110914619883041
NA,NA,NA,NA,NA,NA,NA,NA,NA,NA,NA,NA,NA,NA,NA,NA,NA,NA,NA,NA,NA,NA,NA,NA,NA,NA,NA,NA,NA,0.146953372434018,0.158403661971831,0.173722105263158,0.175836697247706,0.171836610169492,0.135385138539043,0.152933025830258,0.173935308056872,0.145663043478261,0.15427661097852,0.169876279069767,0.184245473684211,0.154973003802281,0.161883464566929,0.147204864864865,0.156009471365639,0.184035802469136,0.177328571428571,0.176157584269663,0.194378321678322,0.175057611241218,0.162988111888112,0.185210218978102,0.190162204724409,0.186460891089109,0.162353492333901,0.16419298245614
NA,NA,NA,NA,NA,NA,NA,NA,NA,NA,NA,NA,NA,NA,NA,NA,NA,NA,NA,NA,NA,NA,NA,NA,NA,NA,NA,NA,0.154657427937916,0.138406158357771,0.144700845070423,0.152393947368421,0.163238532110092,0.163681694915254,0.130570528967254,0.144088191881919,0.164312085308057,0.144349782608696,0.142036992840095,0.160512093023256,0.174200631578947,0.147863117870722,0.146336417322835,0.147147297297297,0.134776211453744,0.141367592592593,0.137970619946092,0.14550393258427,0.168993356643357,0.150770023419204,0.128162703962704,0.128979562043796,0.143337532808399,0.155173762376238,0.136858773424191,0.123936842105263
NA,NA,NA,NA,NA,NA,NA,NA,NA,NA,NA,NA,NA,NA,NA,NA,NA,NA,NA,NA,NA,NA,NA,NA,NA,NA,NA,0.150183611111111,0.156645676274945,0.1421357771261,0.146014647887324,0.151357631578947,0.162752064220183,0.166896610169492,0.127170780856423,0.143064206642066,0.164577488151659,0.145189782608696,0.139733412887828,0.155187906976744,0.170101894736842,0.147658174904943,0.132233661417323,0.141252702702703,0.129282599118943,0.143356790123457,0.142588679245283,0.143814606741573,0.162702097902098,0.149618266978923,0.126718881118881,0.143849635036496,0.134446194225722,0.167163366336634,0.125728109028961,0.127398830409357
NA,NA,NA,NA,NA,NA,NA,NA,NA,NA,NA,NA,NA,NA,NA,NA,NA,NA,NA,NA,NA,NA,NA,NA,NA,NA,0.133290464547677,0.149920555555556,0.157017960088692,0.139255131964809,0.147658873239437,0.152391052631579,0.162119266055046,0.166834576271186,0.132982619647355,0.144440959409594,0.167364928909953,0.154531956521739,0.142375894988067,0.162657209302326,0.171643157894737,0.1603,0.139512204724409,0.151148378378378,0.135244273127753,0.140154320987654,0.153145013477089,0.138340449438202,0.167277272727273,0.158252693208431,0.12518344988345,0.125346350364964,0.135837795275591,0.155494059405941,0.127632879045997,0.141854970760234
NA,NA,NA,NA,NA,NA,NA,NA,NA,NA,NA,NA,NA,NA,NA,NA,NA,NA,NA,NA,NA,NA,NA,NA,NA,0.167014366197183,0.136490709046455,0.153577222222222,0.157728603104213,0.139997653958944,0.150449014084507,0.158796315789474,0.166408486238532,0.164761694915254,0.130914861460957,0.142594649446494,0.170984834123223,0.155033695652174,0.143727923627685,0.165018139534884,0.172505052631579,0.161255133079848,0.148275196850394,0.159741351351351,0.1455859030837,0.154720987654321,0.16062884097035,0.169358707865169,0.173732167832168,0.15561850117096,0.132165501165501,0.131247445255474,0.151826771653543,0.17505,0.138811754684838,0.140059064327485
NA,NA,NA,NA,NA,NA,NA,NA,NA,NA,NA,NA,NA,NA,NA,NA,NA,NA,NA,NA,NA,NA,NA,NA,0.19967743902439,0.164005070422535,0.140936674816626,0.150844444444444,0.155518403547672,0.139286803519062,0.141560563380282,0.159589736842105,0.160741513761468,0.166454915254237,0.131601511335013,0.14495295202952,0.171323222748815,0.158455,0.144743914081146,0.162399302325581,0.177339368421053,0.153261596958175,0.150549212598425,0.155513783783784,0.14393986784141,0.148674074074074,0.155445013477089,0.149810674157303,0.174546153846154,0.152278922716628,0.127297902097902,0.134502554744526,0.136446719160105,0.168712128712871,0.12514804088586,0.130258479532164
NA,NA,NA,NA,NA,NA,NA,NA,NA,NA,NA,NA,NA,NA,NA,NA,NA,NA,NA,NA,NA,NA,NA,0.148432996632997,0.200617682926829,0.165568169014084,0.144057212713936,0.151138055555556,0.155665188470067,0.147708211143695,0.147822535211268,0.151782368421053,0.162494266055046,0.166793220338983,0.133718891687657,0.149826199261993,0.167473933649289,0.159785217391304,0.145901670644391,0.158697209302326,0.175124421052632,0.167036882129278,0.14603937007874,0.157997027027027,0.144133039647577,0.148003395061728,0.158116711590296,0.138764887640449,0.159079370629371,0.15816112412178,0.127117715617716,0.128333941605839,0.143971653543307,0.156351732673267,0.120225212947189,0.122139766081871
NA,NA,NA,NA,NA,NA,NA,NA,NA,NA,NA,NA,NA,NA,NA,NA,NA,NA,NA,NA,NA,NA,0.145396590909091,0.144089898989899,0.199001422764228,0.165836901408451,0.141033007334963,0.151122222222222,0.15300421286031,0.143921700879765,0.149272676056338,0.152190789473684,0.169435779816514,0.166789152542373,0.135038539042821,0.155134501845018,0.173204028436019,0.169249130434783,0.14945107398568,0.162539302325581,0.175974526315789,0.17513536121673,0.149225787401575,0.160651621621622,0.148861894273128,0.159978703703704,0.153342587601078,0.157295786516854,0.177313636363636,0.168479859484778,0.135286247086247,0.142246350364964,0.153323622047244,0.165968316831683,0.133242589437819,0.132257894736842
NA,NA,NA,NA,NA,NA,NA,NA,NA,NA,NA,NA,NA,NA,NA,NA,NA,NA,NA,NA,NA,0.201694565217391,0.139425,0.148953872053872,0.19762012195122,0.158774929577465,0.13919902200489,0.151005833333333,0.155794013303769,0.143185923753666,0.148915211267606,0.156288421052632,0.166359403669725,0.166842033898305,0.135377078085642,0.151684501845018,0.170148578199052,0.155231739130435,0.145786634844869,0.156735813953488,0.171767368421053,0.160130038022814,0.142287795275591,0.158738108108108,0.143500881057269,0.152912345679012,0.145671698113208,0.147616292134831,0.159667482517483,0.151814519906323,0.137096736596737,0.118828102189781,0.143335433070866,0.153597524752475,0.121980068143101,0.131812280701754
NA,NA,NA,NA,NA,NA,NA,NA,NA,NA,NA,NA,NA,NA,NA,NA,NA,NA,NA,NA,0.161354520547945,0.204969202898551,0.143733333333333,0.148682491582492,0.195181707317073,0.161000845070423,0.143239119804401,0.151558611111111,0.153078935698448,0.141272434017595,0.14623661971831,0.156750263157895,0.171988532110092,0.169070847457627,0.135645088161209,0.150590405904059,0.172062085308057,0.151151739130435,0.142638663484487,0.154278837209302,0.173692842105263,0.15959391634981,0.146649015748031,0.157539189189189,0.134901762114537,0.143101234567901,0.144839892183288,0.137694662921348,0.161537412587413,0.155868149882904,0.128954312354312,0.119975547445255,0.132126509186352,0.151881188118812,0.128759284497445,0.126388304093567
NA,NA,NA,NA,NA,NA,NA,NA,NA,NA,NA,NA,NA,NA,NA,NA,NA,NA,NA,0.189004444444444,0.165417534246575,0.210076449275362,0.145904924242424,0.152852861952862,0.195606097560976,0.167464788732394,0.139642298288509,0.151286944444444,0.154724611973392,0.146850439882698,0.150235774647887,0.157770263157895,0.163116743119266,0.171854237288136,0.148252896725441,0.156315129151292,0.177893838862559,0.163768260869565,0.148732219570406,0.164986046511628,0.176898315789474,0.157165399239544,0.156165748031496,0.167155405405405,0.144771365638767,0.156066049382716,0.162121563342318,0.149607865168539,0.166274125874126,0.14986206088993,0.12896993006993,0.123848905109489,0.139853805774278,0.152679455445545,0.127988074957411,0.140522222222222
NA,NA,NA,NA,NA,NA,NA,NA,NA,NA,NA,NA,NA,NA,NA,NA,NA,NA,0.165452234636872,0.182216507936508,0.166610410958904,0.204895652173913,0.142208333333333,0.146482828282828,0.194414024390244,0.166562816901408,0.144805134474328,0.153410833333333,0.155310199556541,0.144478885630499,0.149158591549296,0.158827105263158,0.16277752293578,0.167813559322034,0.144551133501259,0.146776383763838,0.166370142180095,0.145562173913043,0.142124582338902,0.150140930232558,0.168386105263158,0.141458174904943,0.140073818897638,0.151897297297297,0.128335682819383,0.138363888888889,0.14054204851752,0.129357865168539,0.159611888111888,0.142721779859485,0.121169230769231,0.110794160583942,0.135837007874016,0.151986386138614,0.115924701873935,0.111602339181287
NA,NA,NA,NA,NA,NA,NA,NA,NA,NA,NA,NA,NA,NA,NA,NA,NA,0.150894638694639,0.167667318435754,0.194602222222222,0.171393150684932,0.20943768115942,0.154808333333333,0.153942424242424,0.196814634146341,0.182270704225352,0.1625195599022,0.163685,0.167605764966741,0.148629618768328,0.157352957746479,0.182183421052632,0.195751146788991,0.201421016949153,0.201272795969773,0.195720479704797,0.211188625592417,0.204065217391304,0.198499284009547,0.212476511627907,0.193379368421053,0.217208745247148,0.199674606299213,0.21995,0.180242070484581,0.17880524691358,0.220158760107817,0.187101685393258,0.21882027972028,0.179047306791569,0.163500233100233,0.200247080291971,0.196905774278215,0.211108910891089,0.147144804088586,0.161961403508772
NA,NA,NA,NA,NA,NA,NA,NA,NA,NA,NA,NA,NA,NA,NA,NA,0.164018867924528,0.151173193473193,0.163050558659218,0.183740952380952,0.174307671232877,0.215124275362319,0.144876893939394,0.15223164983165,0.196587195121951,0.168412394366197,0.144742298288509,0.154481111111111,0.156833481152993,0.141002639296188,0.148874366197183,0.164236052631579,0.164992660550459,0.171431525423729,0.143809571788413,0.157664206642066,0.171451658767772,0.164299347826087,0.147987828162291,0.161431395348837,0.169837894736842,0.148472623574144,0.155132086614173,0.145415405405405,0.14109140969163,0.131858024691358,0.14109218328841,0.12867893258427,0.149136713286713,0.14866018735363,0.130051515151515,0.123458759124088,0.129332020997375,0.151162871287129,0.113605110732538,0.125783040935673
NA,NA,NA,NA,NA,NA,NA,NA,NA,NA,NA,NA,NA,NA,NA,0.145657680250784,0.168987547169811,0.15021048951049,0.15865530726257,0.18106253968254,0.166230410958904,0.213065579710145,0.144506439393939,0.149518518518519,0.199351016260163,0.164741126760563,0.141352567237164,0.153080277777778,0.15320310421286,0.140168328445748,0.148444788732394,0.160751052631579,0.163832568807339,0.164351186440678,0.128462468513854,0.150028044280443,0.168765402843602,0.153996739130435,0.139896897374702,0.14958488372093,0.167178947368421,0.147551330798479,0.135478149606299,0.14078027027027,0.128956828193833,0.126843827160494,0.12892102425876,0.115630898876405,0.145232517482518,0.139985480093677,0.117046853146853,0.106299635036496,0.12170157480315,0.143784158415842,0.111311925042589,0.109938011695906
NA,NA,NA,NA,NA,NA,NA,NA,NA,NA,NA,NA,NA,NA,0.157594510739857,0.153265517241379,0.173136981132075,0.147897202797203,0.160464525139665,0.176849841269841,0.174956438356164,0.207985144927536,0.142706060606061,0.159873737373737,0.198509959349593,0.164778873239437,0.14308435207824,0.153760555555556,0.152785809312639,0.147646041055718,0.153049014084507,0.165138684210526,0.162312844036697,0.16498,0.137829471032746,0.14904741697417,0.162885071090047,0.138760434782609,0.13099522673031,0.147608372093023,0.160534526315789,0.13958783269962,0.135042125984252,0.126971891891892,0.130373788546256,0.125622222222222,0.131059838274933,0.113208146067416,0.139938111888112,0.138944730679157,0.117729603729604,0.109659489051095,0.118448031496063,0.129243811881188,0.10355468483816,0.105289473684211
NA,NA,NA,NA,NA,NA,NA,NA,NA,NA,NA,NA,NA,0.173306993006993,0.160550835322196,0.158349529780564,0.169501886792453,0.152202564102564,0.166843016759777,0.187765079365079,0.174149863013699,0.210894927536232,0.148455303030303,0.164004713804714,0.207082113821138,0.169707323943662,0.157451344743276,0.157141388888889,0.172862305986696,0.174060997067449,0.16810985915493,0.172863421052632,0.181207568807339,0.181100338983051,0.171898992443325,0.162122693726937,0.186952843601896,0.180882173913043,0.161052267303103,0.17437488372093,0.176348,0.17897680608365,0.168411023622047,0.166657297297297,0.154581718061674,0.164681481481481,0.142263342318059,0.156658426966292,0.17607972027972,0.169825292740047,0.151525874125874,0.16142299270073,0.148769291338583,0.173761386138614,0.125387052810903,0.13446081871345
NA,NA,NA,NA,NA,NA,NA,NA,NA,NA,NA,NA,0.144728759894459,0.169205244755245,0.166753221957041,0.159939498432602,0.178095094339623,0.151893473193473,0.167893296089385,0.186977142857143,0.168307397260274,0.198836594202899,0.147294696969697,0.158880134680135,0.203884146341463,0.177532676056338,0.160312224938875,0.160642777777778,0.169557649667406,0.155474780058651,0.157591549295775,0.180682631578947,0.179769036697248,0.174197288135593,0.14992040302267,0.162522693726937,0.172155450236967,0.164076086956522,0.152280429594272,0.166942325581395,0.170305263157895,0.155574144486692,0.156641732283465,0.143716756756757,0.153568942731278,0.150502469135802,0.13816307277628,0.142595505617978,0.161784615384615,0.145715690866511,0.13214358974359,0.132793795620438,0.133816010498688,0.156981435643564,0.131228109028961,0.127061403508772
NA,NA,NA,NA,NA,NA,NA,NA,NA,NA,NA,0.159463194444444,0.144569920844327,0.17699965034965,0.170179952267303,0.165473667711599,0.175569056603774,0.160022377622378,0.173787709497207,0.188711428571429,0.178766849315068,0.206794927536232,0.15832196969697,0.168230303030303,0.206995325203252,0.189388450704225,0.171837652811736,0.193368888888889,0.189149889135255,0.165690029325513,0.169967323943662,0.191851315789474,0.20791880733945,0.189496949152542,0.17414685138539,0.186329889298893,0.193053317535545,0.185609782608696,0.181025775656325,0.20340511627907,0.181437473684211,0.180734600760456,0.183969488188976,0.165421081081081,0.183008810572687,0.163698765432099,0.159077897574124,0.159177808988764,0.174012587412587,0.183087353629977,0.153072727272727,0.16215802919708,0.159626509186352,0.178170297029703,0.15231601362862,0.139311695906433
NA,NA,NA,NA,NA,NA,NA,NA,NA,NA,0.205509523809524,0.157715625,0.149547229551451,0.174106643356643,0.166020286396181,0.159803448275862,0.176390943396226,0.156617715617716,0.172448044692737,0.188704444444444,0.172790684931507,0.201169565217391,0.142033712121212,0.164502356902357,0.206511788617886,0.174097746478873,0.174513936430318,0.171395277777778,0.176690243902439,0.162964516129032,0.157936338028169,0.171111052631579,0.176205733944954,0.172558983050847,0.150691687657431,0.159310332103321,0.171342180094787,0.161222173913043,0.154454892601432,0.168156744186047,0.174626105263158,0.171099619771863,0.15812874015748,0.163708648648649,0.152135022026432,0.146255555555556,0.149101078167116,0.157902528089888,0.155762937062937,0.156664871194379,0.137149417249417,0.139328102189781,0.142923097112861,0.16797995049505,0.140530834752981,0.136916959064327
NA,NA,NA,NA,NA,NA,NA,NA,NA,0.181506403940887,0.196523511904762,0.154675347222222,0.147024802110818,0.166941258741259,0.169126014319809,0.157420376175549,0.184330943396226,0.159515617715618,0.170502234636872,0.193897142857143,0.174531506849315,0.195001086956522,0.141916287878788,0.169049831649832,0.205512804878049,0.169919154929577,0.156411002444988,0.153156666666667,0.171933702882483,0.152011730205279,0.156565915492958,0.164589473684211,0.165671330275229,0.174117627118644,0.143191435768262,0.154556088560886,0.165794549763033,0.160676304347826,0.148315035799523,0.167181395348837,0.169919578947368,0.157190494296578,0.145920472440945,0.159874054054054,0.153079074889868,0.151914197530864,0.15131832884097,0.148276123595506,0.16438006993007,0.159465573770492,0.1448331002331,0.129749270072993,0.137143832020997,0.163775,0.127140374787053,0.127111695906433
NA,NA,NA,NA,NA,NA,NA,NA,0.209440350877193,0.195945812807882,0.219088392857143,0.171482638888889,0.160673614775726,0.18876958041958,0.179007875894988,0.175382445141066,0.17847358490566,0.170823543123543,0.194568994413408,0.214059682539683,0.196105753424658,0.225846014492754,0.177399621212121,0.206055218855219,0.232827235772358,0.207239154929577,0.221661124694377,0.204615833333333,0.205880266075388,0.219724926686217,0.202036901408451,0.197750789473684,0.203616055045872,0.205621355932203,0.214649370277078,0.198921586715867,0.221151184834123,0.230495652173913,0.224545584725537,0.209580697674419,0.213486526315789,0.208132319391635,0.194157283464567,0.216091621621622,0.212737444933921,0.205875,0.214295148247978,0.213183707865169,0.23161048951049,0.213782669789227,0.193992773892774,0.19539197080292,0.217684514435696,0.229808415841584,0.198089778534923,0.192979532163743
NA,NA,NA,NA,NA,NA,NA,0.217964444444444,0.20759269005848,0.197167980295567,0.218009821428571,0.167573611111111,0.18102981530343,0.186869230769231,0.177804057279236,0.173463636363636,0.178923773584906,0.171271095571096,0.181216480446927,0.222444761904762,0.196640273972603,0.226209057971015,0.190381818181818,0.194140740740741,0.227298170731707,0.219229014084507,0.228732762836186,0.212458055555556,0.210913968957871,0.215844574780059,0.200090704225352,0.207846842105263,0.212370412844037,0.222346779661017,0.201383375314861,0.194411808118081,0.212477962085308,0.230354782608696,0.194105011933174,0.207500697674419,0.213189263157895,0.217684030418251,0.205065748031496,0.211653513513514,0.208761453744493,0.200370061728395,0.206533692722372,0.190686516853933,0.215962937062937,0.197080093676815,0.180246853146853,0.193616788321168,0.181045669291339,0.22127004950495,0.168315161839864,0.17826081871345
NA,NA,NA,NA,NA,NA,0.211507324840764,0.219445,0.197575438596491,0.186285714285714,0.214130357142857,0.171214236111111,0.163186807387863,0.191524825174825,0.175318138424821,0.171318495297806,0.178901886792453,0.181371095571096,0.184051117318436,0.219129206349206,0.186501095890411,0.213854710144928,0.15908446969697,0.172000336700337,0.219468292682927,0.183278591549296,0.202512958435208,0.184422222222222,0.195236807095344,0.191276246334311,0.167077464788732,0.170821842105263,0.192237155963303,0.19428,0.173836020151134,0.181366236162362,0.186088151658768,0.193559565217391,0.186353221957041,0.189919302325581,0.194147578947368,0.190749809885932,0.197624606299213,0.187331081081081,0.185990748898678,0.188260185185185,0.191372506738544,0.185463202247191,0.185587762237762,0.18209718969555,0.182524009324009,0.163629562043796,0.175199475065617,0.207469306930693,0.154888074957411,0.178197076023392
NA,NA,NA,NA,NA,0.171395652173913,0.214119426751592,0.231258333333333,0.204897368421053,0.191687684729064,0.208981547619048,0.163395833333333,0.153087071240106,0.196316083916084,0.183662529832936,0.176652351097179,0.195787547169811,0.188206060606061,0.188493854748603,0.205469841269841,0.194244383561644,0.21569384057971,0.183247348484848,0.199648484848485,0.215745731707317,0.189542816901408,0.200539853300733,0.20601,0.19410110864745,0.171089442815249,0.170197464788732,0.182372631578947,0.193007110091743,0.193949491525424,0.175578589420655,0.175874169741697,0.198475592417062,0.203884347826087,0.178393794749403,0.19433976744186,0.192009052631579,0.198754372623574,0.187286023622047,0.190882162162162,0.192616740088106,0.174970987654321,0.197497843665768,0.196280617977528,0.179709090909091,0.18574262295082,0.151766433566434,0.178956569343066,0.16911968503937,0.178255198019802,0.151687223168654,0.155315204678363
NA,NA,NA,NA,0.136240878378378,0.161754347826087,0.210092675159236,0.219506111111111,0.198497953216374,0.194722660098522,0.19193125,0.168368402777778,0.156180474934037,0.193329370629371,0.175010978520286,0.176611912225705,0.183015849056604,0.178634498834499,0.187002793296089,0.211300634920635,0.184375616438356,0.217342028985507,0.180181818181818,0.175010437710438,0.213522357723577,0.179345070422535,0.191063569682152,0.186551388888889,0.184374279379157,0.167663049853372,0.170960281690141,0.176910263157895,0.172629357798165,0.187694576271186,0.172187909319899,0.166961254612546,0.176864218009479,0.167267173913043,0.179806443914081,0.175862093023256,0.185859789473684,0.161731558935361,0.175761614173228,0.173929459459459,0.161521145374449,0.162771913580247,0.157436657681941,0.170882584269663,0.174042657342657,0.169709836065574,0.146627272727273,0.144231386861314,0.160402624671916,0.169957920792079,0.141685178875639,0.140536842105263
NA,NA,NA,0.132117796610169,0.136283108108108,0.160005279503106,0.200669426751592,0.215063333333333,0.202234502923977,0.187486206896552,0.20465625,0.164039236111111,0.162910290237467,0.19215979020979,0.171522434367542,0.16654263322884,0.196636603773585,0.167122377622378,0.187159776536313,0.199228253968254,0.183994246575342,0.207694202898551,0.166241287878788,0.16313164983165,0.209113414634146,0.17650676056338,0.171402444987775,0.191884444444444,0.18240487804878,0.16137917888563,0.163157183098592,0.170653684210526,0.182338990825688,0.173959661016949,0.167639294710327,0.159418819188192,0.188100947867299,0.19422152173913,0.177330548926014,0.183639302325581,0.184803789473684,0.179864258555133,0.180648622047244,0.164248378378378,0.180980396475771,0.148575,0.159909973045822,0.182699157303371,0.16104965034965,0.157590163934426,0.141512587412587,0.153743065693431,0.143159580052493,0.17132599009901,0.133112606473595,0.150764912280702
NA,NA,0.175315636363636,0.143029661016949,0.145905067567568,0.170681055900621,0.200756687898089,0.21257,0.19078216374269,0.187464532019704,0.204439285714286,0.1670875,0.161190765171504,0.192575174825175,0.174777088305489,0.161681504702194,0.195477735849057,0.173464801864802,0.172952793296089,0.211314285714286,0.192839726027397,0.197231884057971,0.174720454545455,0.178356902356902,0.205392682926829,0.191018309859155,0.170777506112469,0.178618055555556,0.181766518847007,0.177087096774194,0.17953661971831,0.185165789473684,0.181394724770642,0.183094237288136,0.186071032745592,0.179608671586716,0.178335781990521,0.167145217391304,0.159622673031026,0.186379302325581,0.188864421052632,0.179782509505703,0.172219881889764,0.168024324324324,0.183655726872247,0.187403703703704,0.181102156334232,0.149970224719101,0.167528671328671,0.164062295081967,0.160287179487179,0.132279562043796,0.157945669291339,0.180786386138614,0.159107666098807,0.160717543859649
NA,0.0319899383983573,0.172314909090909,0.14771906779661,0.150014527027027,0.169172360248447,0.196541719745223,0.194873888888889,0.194730116959064,0.183292118226601,0.206994047619048,0.165112152777778,0.161303693931398,0.183063286713287,0.170321479713604,0.16606394984326,0.194554339622642,0.175774358974359,0.19172094972067,0.203963492063492,0.19211095890411,0.205509420289855,0.179667803030303,0.193955218855219,0.209360569105691,0.194429577464789,0.175087530562347,0.180931666666667,0.17779800443459,0.161483870967742,0.166245070422535,0.179576842105263,0.178244036697248,0.175809830508475,0.177481108312343,0.18604778597786,0.18624336492891,0.193143695652174,0.180529594272076,0.18298511627907,0.185542105263158,0.176426235741445,0.176259448818898,0.171003513513514,0.175478634361233,0.16403024691358,0.167717520215633,0.148701966292135,0.171618881118881,0.168810538641686,0.148950582750583,0.148547445255474,0.161603674540682,0.152997524752475,0.15516797274276,0.149305847953216
